Workbook

Sheet reg07
B1: Total Population by Province, City, and Municipality:
B2: as of May 1, 2020
B4: Province, City, and Municipality | C4: Total
B5: and Barangay | C5: Population
B7: REGION VII (CENTRAL VISAYAS) | C7: =C9+C59+C115+C117+C119+C148+C121 -> 8081988
B9: BOHOL | C9: =+C10+C11+C12+C13+C14+C15+C16+C17+C18+C19+C20+C21+C22+C23+C24+C25+C26+C27+C28+C29+C30+C31+C32+C33+C34+C35+C36+C37+C38+C39+C40+C41+C42+C43+C44+C45+C46+C47+C48+C49+C50+C51+C52+C53+C54+C55+C56+C57 -> 1394329
B10: ALBURQUERQUE | C10: =bohol!$D$9 -> 11246
B11: ALICIA | C11: =bohol!$D$22 -> 24374
B12: ANDA | C12: =bohol!$D$39 -> 17778
B13: ANTEQUERA | C13: =bohol!$D$57 -> 14990
B14: BACLAYON | C14: =bohol!$D$79 -> 22461
B15: BALILIHAN | C15: =bohol!$D$98 -> 18694
B16: BATUAN | C16: =bohol!$D$131 -> 13845
B17: BILAR | C17: =bohol!$D$148 -> 18512
B18: BUENAVISTA | C18: =bohol!$D$169 -> 29711
B19: CALAPE | C19: =bohol!$D$206 -> 33079
B20: CANDIJAY | C20: =bohol!$D$241 -> 30119
B21: CARMEN | C21: =bohol!$D$264 -> 49191
B22: CATIGBIAN | C22: =bohol!$D$295 -> 23805
B23: CLARIN | C23: =bohol!$D$319 -> 21158
B24: CORELLA | C24: =bohol!$D$345 -> 9479
B25: CORTES | C25: =bohol!$D$355 -> 18344
B26: DAGOHOY | C26: =bohol!$D$371 -> 19874
B27: DANAO | C27: =bohol!$D$388 -> 20245
B28: DAUIS | C28: =bohol!$D$407 -> 52492
B29: DIMIAO | C29: =bohol!$D$421 -> 14889
B30: DUERO | C30: =bohol!$D$458 -> 18861
B31: GARCIA HERNANDEZ | C31: =bohol!$D$481 -> 24430
B32: GUINDULMAN | C32: =bohol!$D$513 -> 34104
B33: INABANGA | C33: =bohol!$D$534 -> 48534
B34: JAGNA | C34: =bohol!$D$586 -> 35832
B35: GETAFE | C35: =bohol!$D$621 -> 33422
B36: LILA | C36: =bohol!$D$647 -> 12240
B37: LOAY | C37: =bohol!$D$667 -> 17855
B38: LOBOC | C38: =bohol!$D$693 -> 17418
B39: LOON | C39: =bohol!$D$723 -> 44224
B40: MABINI | C40: =bohol!$D$792 -> 28701
B41: MARIBOJOC | C41: =bohol!$D$816 -> 22178
B42: PANGLAO | C42: =bohol!$D$840 -> 39839
B43: PILAR | C43: =bohol!$D$852 -> 28693
B44: PRES. CARLOS P. GARCIA (PITOGO) | C44: =bohol!$D$875 -> 23625
B45: SAGBAYAN (BORJA) | C45: =bohol!$D$900 -> 24335
B46: SAN ISIDRO | C46: =bohol!$D$926 -> 9909
B47: SAN MIGUEL | C47: =bohol!$D$940 -> 25356
B48: SEVILLA | C48: =bohol!$D$960 -> 11376
B49: SIERRA BULLONES | C49: =bohol!$D$975 -> 26095
B50: SIKATUNA | C50: =bohol!$D$999 -> 6906
B51: CITY OF TAGBILARAN (CAPITAL) | C51: =bohol!$D$1011 -> 104976
B52: TALIBON | C52: =bohol!$D$1028 -> 71272
B53: TRINIDAD | C53: =bohol!$D$1055 -> 35119
B54: TUBIGON | C54: =bohol!$D$1077 -> 47886
B55: UBAY | C55: =bohol!$D$1113 -> 81799
B56: VALENCIA | C56: =bohol!$D$1159 -> 28392
B57: BIEN UNIDO | C57: =bohol!$D$1195 -> 26666
B59: CEBU * | C59: =+C60+C61+C62+C63+C64+C65+C66+C67+C68+C69+C70+C71+C72+C73+C74+C75+C76+C77+C78+C79+C80+C81+C82+C83+C84+C85+C86+C87+C89+C90+C91+C92+C93+C94+C95+C96+C97+C98+C99+C100+C101+C102+C103+C104+C105+C106+C107+C108+C109+C88 -> 3325385
B60: ALCANTARA | C60: =cebu!$D$9 -> 16910
B61: ALCOY | C61: =cebu!$D$20 -> 19186
B62: ALEGRIA | C62: =cebu!$D$30 -> 25620
B63: ALOGUINSAN | C63: =cebu!$D$41 -> 34466
B64: ARGAO | C64: =cebu!$D$58 -> 78187
B65: ASTURIAS | C65: =cebu!$D$105 -> 55397
B66: BADIAN | C66: =cebu!$D$134 -> 43735
B67: BALAMBAN | C67: =cebu!$D$165 -> 95136
B68: BANTAYAN | C68: =cebu!$D$195 -> 86247
B69: BARILI | C69: =cebu!$D$223 -> 80715
B70: CITY OF BOGO | C70: =cebu!$D$267 -> 88867
B71: BOLJOON | C71: =cebu!$D$298 -> 17525
B72: BORBON | C72: =cebu!$D$311 -> 38187
B73: CITY OF CARCAR | C73: =cebu!$D$331 -> 136453
B74: CARMEN | C74: =cebu!$D$348 -> 57897
B75: CATMON | C75: =cebu!$D$371 -> 33745
B76: COMPOSTELA | C76: =cebu!$D$393 -> 55874
B77: CONSOLACION | C77: =cebu!$D$412 -> 148012
B78: CORDOVA | C78: =cebu!$D$435 -> 70595
B79: DAANBANTAYAN | C79: =cebu!$D$450 -> 93502
B80: DALAGUETE | C80: =cebu!$D$472 -> 74596
B81: DANAO CITY | C81: =cebu!$D$507 -> 156321
B82: DUMANJUG | C82: =cebu!$D$551 -> 57823
B83: GINATILAN | C83: =cebu!$D$590 -> 16906
B84: LILOAN | C84: =cebu!$D$606 -> 153197
B85: MADRIDEJOS | C85: =cebu!$D$622 -> 42039
B86: MALABUYOC | C86: =cebu!$D$638 -> 19770
B87: MEDELLIN | C87: =cebu!$D$655 -> 59605
B88: MINGLANILLA | C88: =cebu!$D$676 -> 151002
B89: MOALBOAL | C89: =cebu!$D$697 -> 36930
B90: CITY OF NAGA | C90: =cebu!$D$714 -> 133184
B91: OSLOB | C91: =cebu!$D$744 -> 29264
B92: PILAR | C92: =cebu!$D$767 -> 12506
B93: PINAMUNGAJAN 1 | C93: =cebu!$D$782 -> 75131
B94: PORO | C94: =cebu!$D$810 -> 26232
B95: RONDA | C95: =cebu!$D$829 -> 21005
B96: SAMBOAN | C96: =cebu!$D$845 -> 20373
B97: SAN FERNANDO | C97: =cebu!$D$862 -> 72224
B98: SAN FRANCISCO | C98: =cebu!$D$885 -> 59236
B99: SAN REMIGIO | C99: =cebu!$D$902 -> 65744
B100: SANTA FE | C100: =cebu!$D$931 -> 34471
B101: SANTANDER | C101: =cebu!$D$943 -> 18527
B102: SIBONGA | C102: =cebu!$D$955 -> 53424
B103: SOGOD | C103: =cebu!$D$982 -> 39447
B104: TABOGON | C104: =cebu!$D$1002 -> 41432
...

Sheet bohol
C1: Total Population by Province, City, Municipality, and Barangay:
C2: as of May 1, 2020
C4: Province, City, Municipality, | D4: Total
C5: and Barangay | D5: Population
C7: BOHOL | D7: =D9+D22+D39+D57+D79+D98+D131+D148+D169+D206+D241+D264+D295+D319+D345+D355+D371+D388+D407+D421+D458+D481+D513+D534+D586+D621+D647+D667+D693+D723+D792+D816+D840+D852+D875+D900+D926+D940+D960+D975+D999+D1011+D1028+D1055+D1077+D1113+D1159+D1195 -> 1394329
C9: ALBURQUERQUE | D9: =SUM(D10:D20) -> 11246
C10: Bahi | D10: 1049
C11: Basacdacu | D11: 850
C12: Cantiguib | D12: 604
C13: Dangay | D13: 795
C14: East Poblacion | D14: 2241
C15: Ponong | D15: 1263
C16: San Agustin | D16: 609
C17: Santa Filomena | D17: 963
C18: Tagbuane | D18: 928
C19: Toril | D19: 816
C20: West Poblacion | D20: 1128
C22: ALICIA | D22: =SUM(D23:D37) -> 24374
C23: Cabatang | D23: 893
C24: Cagongcagong | D24: 501
C25: Cambaol | D25: 1139
C26: Cayacay | D26: 1990
C27: Del Monte | D27: 856
C28: Katipunan | D28: 2725
C29: La Hacienda | D29: 3796
C30: Mahayag | D30: 792
C31: Napo | D31: 1273
C32: Pagahat | D32: 610
C33: Poblacion (Calingganay) | D33: 4456
C34: Progreso | D34: 1140
... C37: Untaga | D37: 1927
C39: ANDA | D39: =SUM(D40:D55) -> 17778
C40: Almaria | D40: 400
C41: Bacong | D41: 2680
C42: Badiang | D42: 1455
C43: Buenasuerte | D43: 344
C44: Candabong | D44: 2399
C45: Casica | D45: 434
C46: Katipunan | D46: 518
C47: Linawan | D47: 991
C48: Lundag | D48: 988
C49: Poblacion | D49: 1268
C50: Santa Cruz | D50: 1146
C51: Suba | D51: 1116
... C55: Virgen | D55: 1699
C57: ANTEQUERA | D57: =SUM(D58:D78) -> 14990
C58: Angilan | D58: 936
C59: Bantolinao | D59: 1271
C60: Bicahan | D60: 766
C61: Bitaugan | D61: 592
C62: Bungahan | D62: 884
C63: Canlaas | D63: 757
C64: Cansibuan | D64: 614
C65: Can-omay | D65: 820
C66: Celing | D66: 692
C67: Danao | D67: 489
C68: Danicop | D68: 716
C69: Mag-aso | D69: 469
... C78: Villa Aurora (Canoc-oc) | D78: 1016
C79: BACLAYON | D79: =SUM(D80:D96) -> 22461
C80: Cambanac | D80: 436
C81: Dasitam | D81: 838
C82: Buenaventura | D82: 420
C83: Guiwanon | D83: 2090
C84: Landican | D84: 997
C85: Laya | D85: 1099
C86: Libertad | D86: 1528
C87: Montana | D87: 1871
C88: Pamilacan | D88: 1524
C89: Payahan | D89: 1100
C90: Poblacion | D90: 1874
C91: San Isidro | D91: 941
... C96: Tanday | D96: 912
C98: BALILIHAN | D98: =SUM(D99:D129) -> 18694
C99: Baucan Norte | D99: 898
C100: Baucan Sur | D100: 652
C101: Boctol | D101: 1313
C102: Boyog Norte | D102: 194
C103: Boyog Proper | D103: 286
C104: Boyog Sur | D104: 372
C105: Cabad | D105: 694
C106: Candasig | D106: 609
C107: Cantalid | D107: 413
C108: Cantomimbo | D108: 666
C109: Cogon | D109: 748
C110: Datag Norte | D110: 695
... C129: Tagustusan | D129: 684
C131: BATUAN | D131: =SUM(D132:D146) -> 13845
C132: Aloja | D132: 502
C133: Cabacnitan | D133: 662
C134: Cambacay | D134: 720
C135: Cantigdas | D135: 885
C136: Garcia | D136: 585
C137: Janlud | D137: 927
C138: Poblacion Norte | D138: 1983
C139: Poblacion Sur | D139: 1288
C140: Poblacion Vieja (Longsudaan) | D140: 1097
C141: Quezon | D141: 652
C142: Quirino | D142: 530
C143: Rizal | D143: 1382
...

Sheet cebu
C1: Total Population by Province, City, Municipality, and Barangay:
C2: as of May 1, 2020
C4: Province, City, Municipality, | D4: Total
C5: and Barangay | D5: Population
C7: CEBU * | D7: =D9+D20+D30+D41+D58+D105+D134+D165+D195+D223+D267+D298+D311+D331+D348+D371+D393+D412+D435+D450+D472+D507+D551+D590+D606+D622+D638+D655+D676+D697+D714+D744+D767+D782+D810+D829+D845+D862+D885+D902+D931+D943+D955+D982+D1002+D1029+D1043+D1067+D1107+D1163 -> 3325385
C9: ALCANTARA | D9: =SUM(D10:D18) -> 16910
C10: Cabadiangan | D10: 971
C11: Cabil-isan | D11: 943
C12: Candabong | D12: 2595
C13: Lawaan | D13: 1852
C14: Manga | D14: 2102
C15: Palanas | D15: 3239
C16: Poblacion | D16: 2712
C17: Polo | D17: 1783
C18: Salagmaya | D18: 713
C20: ALCOY | D20: =SUM(D21:D28) -> 19186
C21: Atabay | D21: 2323
C22: Daan-Lungsod | D22: 2392
C23: Guiwang | D23: 1827
C24: Nug-as | D24: 3631
C25: Pasol | D25: 1884
C26: Poblacion | D26: 3943
C27: Pugalo | D27: 2669
C28: San Agustin | D28: 517
C30: ALEGRIA | D30: =SUM(D31:D39) -> 25620
C31: Compostela | D31: 1643
C32: Guadalupe | D32: 2919
C33: Legaspi | D33: 1893
C34: Lepanto | D34: 2405
C35: Madridejos | D35: 5239
C36: Montpeller | D36: 1532
C37: Poblacion | D37: 2529
C38: Santa Filomena | D38: 3485
C39: Valencia | D39: 3975
C41: ALOGUINSAN | D41: =SUM(D42:D56) -> 34466
C42: Angilan | D42: 2656
C43: Bojo | D43: 2218
C44: Bonbon | D44: 9023
C45: Esperanza | D45: 1853
C46: Kandingan | D46: 867
C47: Kantabogon | D47: 1765
C48: Kawasan | D48: 2450
C49: Olango | D49: 1047
C50: Poblacion | D50: 3727
C51: Punay | D51: 1537
C52: Rosario | D52: 2198
C53: Saksak | D53: 1085
... C56: Zaragosa | D56: 1278
C58: ARGAO | D58: =SUM(D59:D103) -> 78187
C59: Alambijud | D59: 1655
C60: Anajao | D60: 911
C61: Apo | D61: 654
C62: Balaas | D62: 892
C63: Balisong | D63: 2275
C64: Binlod | D64: 4067
C65: Bogo | D65: 3967
C66: Butong | D66: 1011
C67: Bug-ot | D67: 889
C68: Bulasa | D68: 3943
C69: Calagasan | D69: 1029
C70: Canbantug | D70: 932
... C103: Usmad | D103: 1233
C105: ASTURIAS | D105: =SUM(D106:D132) -> 55397
C106: Agbanga | D106: 933
C107: Agtugop | D107: 1176
C108: Bago | D108: 2069
C109: Bairan | D109: 1017
C110: Banban | D110: 876
C111: Baye | D111: 733
C112: Bog-o | D112: 460
C113: Kaluangan | D113: 862
C114: Lanao | D114: 802
C115: Langub | D115: 3983
C116: Looc Norte | D116: 2911
C117: Lunas | D117: 2683
... C132: Ubogon | D132: 858
C134: BADIAN | D134: =SUM(D135:D163) -> 43735
C135: Alawijao | D135: 1210
C136: Balhaan | D136: 478
C137: Banhigan | D137: 3041
C138: Basak | D138: 1704
C139: Basiao | D139: 1086
C140: Bato | D140: 1304
C141: Bugas | D141: 3199
C142: Calangcang | D142: 624
C143: Candiis | D143: 1235
C144: Dagatan | D144: 1492
C145: Dobdob | D145: 1236
C146: Ginablan | D146: 660
... C163: Zaragosa | D163: 2058
C165: BALAMBAN | D165: =SUM(D166:D193) -> 95136
C166: Abucayan | D166: 6111
C167: Aliwanay | D167: 2862
C168: Arpili | D168: 6977
C169: Bayong | D169: 1063
C170: Biasong | D170: 2207
C171: Buanoy | D171: 14093
C172: Cabagdalan | D172: 906
C173: Cabasiangan | D173: 1499
C174: Cambuhawe | D174: 3760
...

Sheet city of cebu
C1: Total Population by Province, City, Municipality, and Barangay:
C2: as of May 1, 2020
C4: Province, City, Municipality, | D4: Total
C5: and Barangay | D5: Population
C7: CITY OF CEBU (Capital) | D7: =SUM(D8:D87) -> 964169
C8: Adlaon | D8: 4413
C9: Agsungot | D9: 2772
C10: Apas | D10: 24194
C11: Babag | D11: 5945
C12: Basak Pardo | D12: 17854
C13: Bacayan | D13: 14460
C14: Banilad | D14: 6336
C15: Basak San Nicolas | D15: 38965
C16: Binaliw | D16: 3493
C17: Bonbon | D17: 6108
C18: Budla-an (Pob.) | D18: 8756
C19: Buhisan | D19: 19088
... C87: Sudlon II | D87: 4229
C90: Source:
C91: Philippine Statistics Authority, 2020 Census of Population and Housing

Sheet city of lapu lapu
C1: Total Population by Province, City, Municipality, and Barangay:
C2: as of May 1, 2020
C4: Province, City, Municipality, | D4: Total
C5: and Barangay | D5: Population
A7: 1 | C7: CITY OF LAPU-LAPU (OPON) | D7: =SUM(D8:D37) -> 497604
A8: 2 | C8: Agus | D8: 19525
A9: 3 | C9: Babag | D9: 30839
A10: 4 | C10: Bankal | D10: 22863
A11: 5 | C11: Baring | D11: 3870
A12: 6 | C12: Basak | D12: 71990
A13: 7 | C13: Buaya | D13: 19078
A14: 8 | C14: Calawisan | D14: 15740
A15: 9 | C15: Canjulao | D15: 14451
A16: 10 | C16: Caw-oy | D16: 2226
A17: 11 | C17: Cawhagan | D17: 694
A18: 12 | C18: Caubian | D18: 2429
A19: 13 | C19: Gun-ob | D19: 37989
... A37: 31 | C37: San Vicente | D37: 4209
A38: 32
A39: 33
A40: 34 | C40: Source:
A41: 35 | C41: Philippine Statistics Authority, 2020 Census of Population and Housing

Sheet city of mandaue
C1: Total Population by Province, City, Municipality, and Barangay:
C2: as of May 1, 2020
C4: Province, City, Municipality, | D4: Total
C5: and Barangay | D5: Population
C7: CITY OF MANDAUE | D7: =SUM(D8:D34) -> 364116
C8: Alang-alang | D8: 11495
C9: Bakilid | D9: 4387
C10: Banilad | D10: 18386
C11: Basak | D11: 11777
C12: Cabancalan | D12: 14841
C13: Cambaro | D13: 8990
C14: Canduman | D14: 23455
C15: Casili | D15: 5403
C16: Casuntingan | D16: 16846
C17: Centro (Pob.) | D17: 2980
C18: Cubacub | D18: 13832
C19: Guizo | D19: 7258
... C34: Umapad | D34: 18779
C37: Source:
C38: Philippine Statistics Authority, 2020 Census of Population and Housing

Sheet neg or
C1: Total Population by Province, City, Municipality, and Barangay:
C2: as of May 1, 2020
C4: Province, City, Municipality, | D4: Total
C5: and Barangay | D5: Population
C7: NEGROS ORIENTAL 1 | D7: =D9+D19+D45+D69+D106+D118+D148+D172+D187+D212+D244+D279+D309+D340+D374+D403+D421+D439+D463+D491+D511+D537+D567+D593+D610 -> 1432990
C9: AMLAN (AYUQUITAN) | D9: =SUM(D10:D17) -> 25513
C10: Bio-os | D10: 4106
C11: Jantianon | D11: 2893
C12: Jugno | D12: 4280
C13: Mag-abo | D13: 2175
C14: Poblacion | D14: 1452
C15: Silab | D15: 4416
C16: Tambojangin | D16: 2278
C17: Tandayag | D17: 3913
C19: AYUNGON | D19: =SUM(D20:D43) -> 47102
C20: Amdus | D20: 1049
C21: Jandalamanon | D21: 1107
C22: Anibong | D22: 2102
C23: Atabay | D23: 1398
C24: Awa-an | D24: 2718
C25: Ban-ban | D25: 2622
C26: Calagcalag | D26: 1718
C27: Candana-ay | D27: 1098
C28: Carol-an | D28: 3375
C29: Gomentoc | D29: 2173
C30: Inacban | D30: 1803
C31: Iniban | D31: 1298
... C43: Poblacion | D43: 2036
C45: BACONG | D45: =SUM(D46:D67) -> 41207
C46: Balayagmanok | D46: 1412
C47: Banilad | D47: 5512
C48: Buntis | D48: 3987
C49: Buntod | D49: 2030
C50: Calangag | D50: 734
C51: Combado | D51: 3759
C52: Doldol | D52: 1097
C53: Isugan | D53: 1910
C54: Liptong | D54: 1185
C55: Lutao | D55: 1298
C56: Magsuhot | D56: 384
C57: Malabago | D57: 368
... C67: West Poblacion | D67: 660
C69: CITY OF BAIS | D69: =SUM(D70:D104) -> 84317
C70: Barangay I (Pob.) | D70: 3478
C71: Barangay II (Pob.) | D71: 9483
C72: Basak | D72: 2175
C73: Biñohon | D73: 1347
C74: Cabanlutan | D74: 2417
C75: Calasga-an | D75: 2484
C76: Cambagahan | D76: 7234
C77: Cambaguio | D77: 1371
C78: Cambanjao | D78: 1597
C79: Cambuilao | D79: 1816
C80: Canlargo | D80: 2179
C81: Capiñahan | D81: 1822
... C104: Valencia | D104: 796
C106: BASAY | D106: =SUM(D107:D116) -> 28531
C107: Actin | D107: 2407
C108: Bal-os | D108: 4172
C109: Bongalonan | D109: 4185
C110: Cabalayongan | D110: 878
C111: Cabatuanan | D111: 967
C112: Linantayan | D112: 834
C113: Maglinao | D113: 3216
C114: Nagbo-alao | D114: 5546
C115: Olandao | D115: 1119
C116: Poblacion | D116: 5207
C118: CITY OF BAYAWAN (TULONG) | D118: =SUM(D119:D146) -> 122747
C119: Ali-is | D119: 2980
C120: Banaybanay | D120: 4896
C121: Banga | D121: 7568
C122: Villasol (Bato) | D122: 3854
C123: Boyco | D123: 1407
C124: Bugay | D124: 5607
C125: Cansumalig | D125: 1715
C126: Dawis | D126: 4683
C127: Kalamtukan | D127: 3618
C128: Kalumboyan | D128: 7004
C129: Malabugas | D129: 6126
C130: Mandu-ao | D130: 4780
... C146: San Isidro | D146: 1280
C148: BINDOY (PAYABON) | D148: =SUM(D149:D170) -> 40308
C149: Atotes | D149: 1905
C150: Batangan | D150: 920
C151: Bulod | D151: 1938
C152: Cabcaban | D152: 3090
C153: Cabugan | D153: 1642
C154: Camudlas | D154: 924
C155: Canluto | D155: 1440
C156: Danao | D156: 1215
C157: Danawan | D157: 1133
C158: Domolog | D158: 1902
C159: Malaga | D159: 1874
C160: Manseje | D160: 1000
... C170: Tubod | D170: 796
C172: CITY OF CANLAON | D172: =SUM(D173:D184) -> 58822
C173: Bayog | D173: 2938
C174: Binalbagan | D174: 2569
C175: Bucalan (East Budsalan) | D175: 3259
C176: Linothangan | D176: 4080
...

Sheet siquijor
C1: Total Population by Province, City, Municipality, and Barangay:
C2: as of May 1, 2020
C4: Province, City, Municipality, | D4: Total
C5: and Barangay | D5: Population
C7: SIQUIJOR | D7: =D9+D25+D50+D70+D94+D111 -> 103395
C9: ENRIQUE VILLANUEVA | D9: =SUM(D10:D23) -> 6790
C10: Balolong | D10: 145
C11: Bino-ongan | D11: 498
C12: Bitaug | D12: 1012
C13: Bolot | D13: 202
C14: Camogao | D14: 352
C15: Cangmangki | D15: 449
C16: Libo | D16: 938
C17: Lomangcapan | D17: 744
C18: Lotloton | D18: 492
C19: Manan-ao | D19: 180
C20: Olave | D20: 208
C21: Parian | D21: 206
... C23: Tulapos | D23: 834
C25: LARENA | D25: =SUM(D26:D48) -> 14454
C26: Bagacay | D26: 593
C27: Balolang | D27: 343
C28: Basac | D28: 1022
C29: Bintangan | D29: 350
C30: Bontod | D30: 571
C31: Cabulihan | D31: 318
C32: Calunasan | D32: 401
C33: Candigum | D33: 426
C34: Cang-allas | D34: 386
C35: Cang-apa | D35: 454
C36: Cangbagsa | D36: 1039
C37: Cangmalalag | D37: 465
... C48: Taculing | D48: 391
C50: LAZI | D50: =SUM(D51:D68) -> 22488
C51: Campalanas | D51: 2215
C52: Cangclaran | D52: 598
C53: Cangomantong | D53: 1130
C54: Capalasanan | D54: 1286
C55: Catamboan (Pob.) | D55: 1809
C56: Gabayan | D56: 2097
C57: Kimba | D57: 828
C58: Kinamandagan | D58: 1039
C59: Lower Cabangcalan | D59: 1053
C60: Nagerong | D60: 1562
C61: Po-o | D61: 746
C62: Simacolong | D62: 2120
... C68: Ytaya | D68: 1045
C70: MARIA | D70: =SUM(D71:D92) -> 14385
C71: Bogo | D71: 851
C72: Bonga | D72: 555
C73: Cabal-asan | D73: 389
C74: Calunasan | D74: 643
C75: Candaping A | D75: 582
C76: Candaping B | D76: 684
C77: Cantaroc A | D77: 462
C78: Cantaroc B | D78: 501
C79: Cantugbas | D79: 412
C80: Lico-an | D80: 496
C81: Lilo-an | D81: 1459
C82: Looc | D82: 489
... C92: Sawang | D92: 444
C94: SAN JUAN | D94: =SUM(D95:D109) -> 16363
C95: Canasagan | D95: 728
C96: Candura | D96: 461
C97: Cangmunag | D97: 1301
C98: Cansayang | D98: 550
C99: Catulayan | D99: 2022
C100: Lala-o | D100: 866
C101: Maite | D101: 1100
C102: Napo | D102: 965
C103: Paliton | D103: 911
C104: Poblacion | D104: 896
C105: Solangon | D105: 1419
C106: Tag-ibo | D106: 945
... C109: Tubod | D109: 1203
C111: SIQUIJOR (Capital) | D111: =SUM(D112:D153) -> 28915
C112: Banban | D112: 796
C113: Bolos | D113: 272
C114: Caipilan | D114: 1210
C115: Caitican | D115: 563
C116: Calalinan | D116: 862
C117: Cang-atuyom | D117: 400
C118: Canal | D118: 542
C119: Candanay Norte | D119: 1016
C120: Candanay Sur | D120: 1034
C121: Cang-adieng | D121: 297
C122: Cang-agong | D122: 994
C123: Cang-alwang | D123: 882
... C153: Tongo | D153: 816
C156: Source:
C157: Philippine Statistics Authority, 2020 Census of Population and Housing
